id;document_title;created_date;modified_date;s_3_key
1;invoice Tanzanian;2022-08-25;2022-08-25;Universal Mountain
2;transparent parse;2022-08-25;2022-08-25;navigate generate Afghani
3;Investor;2022-08-25;2022-08-25;Aruban
4;Keyboard Rwanda;2022-08-25;2022-08-25;Rustic program
5;Distributed;2022-08-25;2022-08-25;Cambridgeshire
6;sensor Account;2022-08-25;2022-08-25;Cheese
7;Steel Tools Computers;2022-08-25;2022-08-25;Games
8;Forward Borders;2022-08-25;2022-08-25;SSL Account
9;bricks-and-clicks microchip;2022-08-25;2022-08-25;Account up Health
10;indigo Customer;2022-08-25;2022-08-26;Tactics New Plastic
